PrisonCode,PrisonName,Region,Category
PRS001,Prison 1,Midlands,B
PRS002,Prison 2,South,B
PRS003,Prison 3,North,C
PRS004,Prison 4,South,B
PRS005,Prison 5,North,B
PRS006,Prison 6,South,B
PRS007,Prison 7,Wales,C
PRS008,Prison 8,Wales,C
PRS009,Prison 9,North,A
PRS010,Prison 10,Wales,B
PRS011,Prison 11,Midlands,B
PRS012,Prison 12,North,C
PRS013,Prison 13,South,A
PRS014,Prison 14,North,A
PRS015,Prison 15,South,C
PRS016,Prison 16,North,C
PRS017,Prison 17,South,A
PRS018,Prison 18,South,B
PRS019,Prison 19,North,C
PRS020,Prison 20,South,B
